{
  "x_min": -3.0015454292297363,
  "x_max": 3.6636900901794434,
  "z_min": -3.483069896697998,
  "z_max": 3.443080425262451
}