{
  "x_min": -1.6771390438079834,
  "x_max": 1.647413730621338,
  "z_min": -3.4536547660827637,
  "z_max": 3.4460177421569824
}