{
  "x_min": -3.361567974090576,
  "x_max": 3.34322452545166,
  "z_min": -3.3512234687805176,
  "z_max": 3.377729892730713
}