{
  "x_min": -2.3679747581481934,
  "x_max": 2.3700528144836426,
  "z_min": -2.9957079887390137,
  "z_max": 2.955718517303467
}